,job_id,job_title,company_name,work_model,location,time_posted,num_applicants,xp_level,job_type,job_sectors,job_description
0,4150644206,Est√°gio Analise de Dados,EPTV,H√≠brido,"Campinas, SP",H√° 1 m√™s,,Pleno-s√™nior,Tempo integral,Atividades de r√°dio e de televis√£o,"Descri√ß√£o
Estamos em busca de um(a) estagi√°rio(a) para integrar nosso time de dados, focado na automatiza√ß√£o e an√°lise de dados, contribuindo diretamente para a tomada de decis√£o estrat√©gica da empresa.
Responsabilidades e atribui√ß√µes
Atuar na constru√ß√£o, governan√ßa e manuten√ß√£o da arquitetura de dados do RPA.
Automatizar processo e otimiza√ß√£o para reduzir esfor√ßos operacionais repetitivos.
Promover a cultura de dados dentro da empresa e junto aos clientes, auxiliando em projetos em andamento.
Participar da concess√£o, estrutura√ß√£o e organiza√ß√£o de dados.
Contribuir para projetos de Intelig√™ncia Artificial (IA).
Apoiar a constru√ß√£o da arquitetura de dados e o desenvolvimento de novas funcionalidades que promovem escalabilidade e efici√™ncia.
Requisitos e qualifica√ß√µes
Cursando gradua√ß√£o em Tecnologia, Engenharia, Estat√≠stica, Ci√™ncia de Dados ou √°reas correlatas.
No√ß√µes de SQL para manipula√ß√£o e extra√ß√£o de dados.
Familiaridade com ferramentas de BI (ex.: Power BI, Metabase).
Programa√ß√£o em Python e uso de bibliotecas para an√°lise de dados (diferencial).
Conhecimento em ferramentas de RPA (diferencial).
Capacidade de levantamento e acompanhamento de KPIs em colabora√ß√£o com usu√°rios."
1,4180219635,Trainee de Desenvolvimento - Matarazzo,RSM Brasil,H√≠brido,"S√£o Paulo, SP",H√° 2 semanas,,N√£o aplic√°vel,Tempo integral,Atividades de contabilidade,"Lugar de gente inovadora que faz acontecer!
Somos uma empresa reconhecida pela ousadia de propor servi√ßos e solu√ß√µes diferenciadas, constru√≠das de maneira √∫nica e com excel√™ncia. Perseguimos sempre o ‚Äúalgo mais‚Äù fugindo do normal e esperado, para que possamos surpreender os clientes com ideias inovadoras.
Responsabilidades e atribui√ß√µes
Auxiliar no desenvolvimento e manuten√ß√£o de aplica√ß√µes utilizando Python;
Trabalhar junto a equipes multidisciplinares para entender requisitos e apoiar na implementa√ß√£o de solu√ß√µes t√©cnicas;
Escrever c√≥digos simples e eficientes, sempre buscando boas pr√°ticas e padr√µes de desenvolvimento;
Participar de revis√µes de c√≥digo para aprender e aprimorar suas habilidades;
Apoiar no desenvolvimento e consumo de APIs RESTful;
Aprender sobre versionamento de c√≥digo com Git e colaborar em projetos com a equipe;
Explorar conceito de banco de dados (SQL e NoSQL);
Familiarizar-se com Docker e Kubernetes e entender como funcionam na orquestra√ß√£o de aplica√ß√µes;
Manter-se atualizado sobre novas tecnologias e boas pr√°ticas de desenvolvimento.
Requisitos e qualifica√ß√µes
Conhecimento b√°sico em Python e vontade de aprender sobre;
No√ß√µes de bancos de dados relacionais e n√£o relacionais;
Interesse em aprender sobre desenvolvimento de APIs, integra√ß√£o de sistemas e arquitetura de software;
Familiaridade com Git e versionamento de c√≥digo (desej√°vel, mas n√£o obrigat√≥rio);
Vontade de crescer na √°rea, colaborar com a equipe e aprender constantemente;
Forma√ß√£o em andamento ou conclu√≠da em Ci√™ncia da Computa√ß√£o, Engenharia de Software, Sistemas de Informa√ß√£o ou √°reas relacionadas.
Informa√ß√µes adicionais
Benef√≠cios oferecidos:
üè• Assist√™ncia M√©dica e Odontol√≥gica Bradesco
üõ°Ô∏è Seguro de Vida Icatu
üç¥ Vale Refei√ß√£o ou Alimenta√ß√£o
üöå Vale Transporte
üìö Incentivo Educacional - custeando 50% das despesas de Gradua√ß√£o, Ingl√™s ou P√≥s-Gradua√ß√£o, limitado a R$ 300,00 por m√™s
üåê Ingl√™s in Company
üèãÔ∏è TotalPass
üíä Golden Farma
üèÜ Pr√™mio de Estabilidade por Tempo de Casa
üöÄ Avalia√ß√£o de Desempenho (Oportunidades de Crescimento e Desenvolvimento)
ü§ù Plano de Mentoria
üí≥ Empr√©stimo Consignado
üìú Custeio do Registro Profissional (CRC, OAB ou CRP)
üì± Aparelho Corporativo
üéâ Birthday Off
üéÅ Vale Presente do Birthday Off"
2,4169347554,Analista J√∫nior de Produtos - Cart√µes,Banco Bmg,H√≠brido,"S√£o Paulo, SP",H√° 6 dias,,N√£o aplic√°vel,Tempo integral,Bancos,"H√° mais de 90 anos, o Banco Bmg vem construindo uma trajet√≥ria de conquistas, onde o cliente √© o protagonista.
Somos campe√µes na oferta de consignado, proporcionando acesso ao cr√©dito com juros mais baixos a milh√µes de brasileiros. Contamos com ag√™ncias, franquias e um aplicativo, onde milh√µes de clientes acessam um mundo de solu√ß√µes financeiras, na palma da m√£o. Al√©m disso, possu√≠mos a maior rede de correspondentes banc√°rios do pa√≠s, contribuindo para o placar de crescimento econ√¥mico local e espalhando oportunidades por todo o territ√≥rio nacional.
Aqui no Bmg, n√≥s vestimos a camisa e nos dedicamos para executar cada jogada com excel√™ncia, com um jeito todo nosso de ser e de fazer neg√≥cios, o Jeito Bmg.
Trabalhamos para promover uma cultura diversa, que busca a equidade, valorizando as diferentes perspectivas. Isso se traduz em G√™nero, Religi√£o, Pessoas com Defici√™ncia, LGBTQIAP+, acima dos 50 anos, Etnia e diversidade de experi√™ncias, tornando o nosso ambiente mais inclusivo e respeitoso, buscando cada vez mais aumentar a pluralidade dos times. e respeitoso, buscando aumentar a pluralidade dos times.
Responsabilidades e atribui√ß√µes
Ir√° atuar em frentes de estudos e an√°lises de novas oportunidades de neg√≥cio;
Desenvolver, acompanhar e comunicar a√ß√µes, indicadores dos produtos e temas relacionados a gest√£o do produto;
Promover e conduzir iniciativas e projetos da √°rea que contribuam com o backlog e roadmap do produto.
Requisitos e qualifica√ß√µes
Ensino superior completo;
Vis√£o anal√≠tica e estrat√©gica;
Boa comunica√ß√£o e articula√ß√£o com √°reas parceiras;
Viv√™ncia anterior em institui√ß√µes financeiras ser√° um diferencial;
Experi√™ncia na √°rea de produtos ser√° um diferencial;
Experi√™ncia com manipula√ß√£o de banco de dados ser√° um diferencial.
Informa√ß√µes adicionais
Benef√≠cios, sa√∫de e bem-estar
Plano de sa√∫de sem mensalidade e Telemedicina;
Plano odontol√≥gico;
Vale Refei√ß√£o e Alimenta√ß√£o;
Seguro de vida;
Previd√™ncia privada;
Remunera√ß√£o vari√°vel anual (b√¥nus) competitiva;
PPR - Programa de Participa√ß√£o nos Resultados;
√önico Skill (Benef√≠cio Educa√ß√£o gratuito);
Biciclet√°rio e vesti√°rio;
Aux√≠lio creche;
Aux√≠lio internet;
Programas de qualidade de vida;
Ambulat√≥rio;
Programa da Gestante;
Licen√ßa Maternidade e Paternidade estendidas;
Psicologia Viva - Sess√µes de terapia online gratuita;
PAP - Programa de assessoria financeira, jur√≠dica e psicol√≥gica;
Gympass - Desconto em academias;
Frutas todos os dias;
Day Off de Anivers√°rio;
Dress Code Flex√≠vel;
Modelo h√≠brido de trabalho.
E a√≠? Quer vestir a camisa e brilhar em campo com um banco presente na vida de milh√µes de brasileiros e reconhecido como um dos melhores lugares para se trabalhar?
#VamosPraCima"
3,4168263642,EST√ÅGIO EM BUSINESS INTELLIGENCE,Zilor,H√≠brido,"S√£o Paulo, SP",H√° 4 semanas,,Est√°gio,Est√°gio,Agricultura,"Somos uma ind√∫stria brasileira com atua√ß√£o global que traz em seu DNA a constante busca por Efici√™ncia, Inova√ß√£o, Produtividade e Sustentabilidade. Com 4 unidades agroindustriais localizadas em Len√ß√≥is Paulista, Macatuba, Quat√° e Luc√©lia, apresentamos um portf√≥lio diversificado, que nos consolidou como um importante player do pa√≠s a produzir etanol, a√ß√∫car, energia el√©trica e ingredientes naturais, de forma sustent√°vel, a partir da cana-de-a√ß√∫car. A hist√≥ria de mais de 75 anos da Zilor foi constru√≠da pelas pessoas que ao longo da nossa trajet√≥ria compartilharam dos nossos Valores e cresceram junto com a gente!
Buscamos profissionais que est√£o dispostos a fazer parte deste time, para continuar escrevendo nossa hist√≥ria de empreendedorismo por meio dos nossos valores.
#VempraZilor
Requisitos:
Estar cursando gradua√ß√£o em Engenharias, Estat√≠stica, Matem√°tica, F√≠sica ou √°reas afins;
Interesse em an√°lise de dados e em aprender sobre ferramentas de BI (como Power BI, Tableau, Google Data Studio, etc.);
Conhecimento b√°sico em Excel, Python, Power BI e Power Automate;
Capacidade anal√≠tica, aten√ß√£o aos detalhes, que goste de tecnologia e seja curioso(a);
Ingl√™s avan√ßado ser√° considerado um diferencial.
Principais Atividades:
Auxiliar na coleta e an√°lise de dados de diferentes fontes para gerar insights de neg√≥cios;
Apoiar a cria√ß√£o de dashboards e relat√≥rios que facilitem a visualiza√ß√£o de m√©tricas de desempenho;
Contribuir para a melhoria dos processos de an√°lise de dados e na automa√ß√£o de relat√≥rios;
Participar do projeto de estrutura√ß√£o da base de dados, para cria√ß√£o de Intelig√™ncia Artificial da Zilor;
Colaborar com outras equipes para identificar oportunidades de melhorias com base em dados.
Local de trabalho:
Vila Ol√≠mpia ‚Äì S√£o Paulo, Brasil;
Hor√°rio:
Das 9h00 √†s 16h00 ou 8h00 √†s 15h00, sendo 3 dias presenciais e 2 dias home office;
Benef√≠cios:
Assist√™ncia m√©dica, Seguro de vida, Vale refei√ß√£o, Vale transporte e Bolsa aux√≠lio."
4,4150286242,Analista J√∫nior de Dados - Preven√ß√£o √† Fraude,Shopee,H√≠brido,"S√£o Paulo, SP",H√° 2 semanas,,Assistente,Tempo integral,"Plataformas de comercializa√ß√£o na Internet e Tecnologia, Informa√ß√£o e Internet","About The Team
Sobre a Sh√¥
Aqui na Sh√¥, acreditamos que cada membro de nossa equipe √© fundamental para o nosso sucesso, e que diversidade de perspectivas e viv√™ncias s√£o essenciais para movimentar nosso neg√≥cio e impulsionar o nosso prop√≥sito de mudar o mundo para melhor. Fazer parte do nosso time √© a oportunidade de se desenvolver dentro de uma cultura de muita agilidade. Se voc√™ ama assumir grandes responsabilidades e fazer o que nunca foi feito, a Sh√¥ √© seu lugar. Aqui voc√™ ter√° grandes desafios, trabalhar√° em colabora√ß√£o com um time diverso e contribuir√° para o futuro do e-commerce no Brasil, criamos impacto positivo na vida de milh√µes de pessoas.
Modelo de Trabalho
Adotamos um modelo de trabalho h√≠brido, esse modelo permite que as pessoas ajustem seu ambiente de trabalho de acordo com suas necessidades pessoais, ao mesmo tempo em que promove a colabora√ß√£o e intera√ß√£o no escrit√≥rio.
Qual ser√° a sua miss√£o
Estamos buscando uma (a) analista j√∫nior de dados para apoiar a tomada de decis√µes relacionadas √†s iniciativas de preven√ß√£o √† fraudes. Com a orienta√ß√£o do gestor, esse profissional ajudar√° a propor abordagens criativas, buscar dados e interpretar informa√ß√µes estat√≠sticas para responder quest√µes complexas e gerar insumos importantes para as discuss√µes do time.
Job Description
Como ser√° o seu dia a dia
Estruturar e conduzir an√°lises de dados para apoiar a constru√ß√£o de novas regras e modelos de fraude ou propor mudan√ßas nas regras e modelos existentes;
Construir an√°lises de impacto para justificar a implementa√ß√£o de novas funcionalidades que possam melhorar nossas defesas contra fraude;
Estruturar, construir e manter dashboards para acompanhar ativamente as perdas por fraude e identificar riscos potenciais;
Apoiar o gerente na cria√ß√£o de apresenta√ß√µes impactantes para comunicar efetivamente as principais descobertas dentro de seu escopo;
Buscar outras equipes (dentro ou fora da equipe de Preven√ß√£o √† Fraude) para obter as melhores pr√°ticas relacionadas √† an√°lise de dados e pedir apoio quando necess√°rio;
Apoiar outras equipes da Shopee fornecendo informa√ß√µes, conduzindo an√°lises e resolvendo problemas pontuais que estejam dentro de seu escopo de trabalho;
Ajudar na cria√ß√£o de metas para fraude no marketplace, monitorar indicadores e enviar alertas quando necess√°rio (por exemplo, para mudar prioridades visando alcance de metas);
Realizar estudos de benchmarking externos para reunir as melhores pr√°ticas relacionadas √† An√°lise de Dados na Preven√ß√£o √† Fraude.
Requirements
O que voc√™ precisa para assumir o desafio
Forma√ß√£o em andamento ou completa em cursos de Engenharia, Ci√™ncias da Computa√ß√£o, Administra√ß√£o de Empresas ou √°reas relacionadas;
Conhecimento intermedi√°rio no Pacote Office, principalmente Excel/Sheets;
Conhecimento avan√ßado em SQL (Experi√™ncia em outras linguagens de programa√ß√£o √© um diferencial)
Experi√™ncia em Preven√ß√£o de Fraude √© um diferencial;
Ingl√™s avan√ßado (ser√° testado durante o processo de sele√ß√£o).
Benef√≠cios
Assist√™ncia m√©dica e odontol√≥gica, estendendo-se aos dependentes;
Parceira com Wellhub (Gympass) e TotalPass;
Vale Refei√ß√£o/Alimenta√ß√£o flex√≠vel;
Vale Transporte ou, Vale Mobilidade;
Benef√≠cio flex√≠vel;
Parceria com o app Zenklub;
B√¥nus anual discricion√°rio, atrelado √† performance.
VEM FAZER HIST√ìRIA COM A GENTE.
O QUE TE FAZ √öNICO, NOS FAZ MELHORES!"
5,4075018778,Est√°gio Comercial REDE | Ita√∫ Unibanco - VAGAS PARA TODO O BRASIL,Ita√∫ Unibanco,H√≠brido,"S√£o Paulo, SP",H√° 5 dias,,Assistente,Tempo integral,Bancos,"Que tal construir a REDE com a gente? üöÄ
H√° 26 anos no mercado, somos pioneiros no mercado de meios de pagamentos e pertencemos ao grupo Ita√∫, o maior banco privado da Am√©rica Latina.
Buscamos pessoas que queiram construir seus sonhos junto conosco, trabalhar bem em equipe e transformar a Rede no melhor lugar para os nossos clientes.
N√£o queremos voc√™ apenas por achar que tem a nossa cara. Queremos ter um pouco da sua tamb√©m! üß°
Venha fazer parte do nosso time!
Benef√≠cios
Academias/Pr√°ticas Esportivas
Assist. M√©dica
Assist. Odontol√≥gica
Biciclet√°rio
Bolsa Aux√≠lio
Seguro de vida
Vale-Refei√ß√£o
Vale-Transporte
Jornada flex√≠vel
Conv√™nio com o Gympass e Totalpass
Conv√™nio com a Univers (Drogasil e Droga Raia)
Visitas, reservas e hospedagem no Ita√∫ Unibanco Clube (Guarapiranga, Itanha√©m e S√£o Sebasti√£o)
Ita√∫ Shop (vantagens e descontos em lojas e servi√ßos de diversos parceiros no Brasil e na Am√©rica Latina)
Ambientes de descompress√£o: sala de jogos, m√∫sica, leitura, medita√ß√£o, rooftop e quadra esportiva
Galeria de servi√ßos dentro dos polos: restaurantes, refeit√≥rio, caf√©, esmalteria, espa√ßo de massagem, lavanderia, ateli√™ de costura, livraria e papelaria, farm√°cia e academia
Poxa, n√£o estou entre as pessoas convocadas, e agora? :(
Calma! Fique de olho em nossas p√°ginas oficiais, podemos ter outras oportunidades como esta durante o ano! E quem realizou as inscri√ß√µes, ainda poder√° receber o convite para participar de processos seletivos para vagas aqui dentro do banco, pois os dados ficar√£o guardados aqui no nosso banco de talentos \o/
Principais Atividades
Agendamentos de qualidade (pautados em lista e campanha);
Apoio no onboarding/setup de clientes;
Incentivar clientes a responder pesquisa do NPS;
Organiza√ß√£o de pautas de reuni√µes comerciais;
Conhecimento pr√°tico acompanhando o Executivo em visitas;
Entendimento da rotina do executivo.
Compet√™ncias
Organiza√ß√£o
Comunica√ß√£o Verbal/ Relacionamento Interpessoal
Argumenta√ß√£o
Proatividade
Busca por conhecimento
Ferramentas
Excel b√°sico
Forma√ß√£o
Bacharelado ou Tecn√≥logo em cursos de exatas ou humanas
Informa√ß√µes Adicionais
Modelo de trabalho h√≠brido: mescla home office, idas ao Polo e visita a clientes
Se identificar com a carreira comercial
Para participar √© muito simples, basta voc√™ se inscrever nesta oportunidade e manter a aten√ß√£o ao nosso retorno.
Ah, mas fique de olho, os crit√©rios para esta edi√ß√£o s√£o:
Cursar gradua√ß√£o, bacharelado ou tecn√≥logo, nas √°reas de Exatas ou Humanas;
Disponibilidade para estagiar 6h/dia;
Possuir forma√ß√£o prevista a partir de Dezembro/24;
Disponibilidade para atuar em modelo h√≠brido, na localidade da vaga;
E o principal... abertura para aprender, se desenvolver e vontade de construir uma carreira com a gente üòä
E a√≠, topa o desafio?
O Ita√∫ ir√° utilizar os dados fornecidos para fins de processos seletivos, inclusive em bancos de vagas alocados em plataformas terceiras. Caso deseje solicitar oposi√ß√£o a este uso, ou exercer quaisquer um dos seus direitos, entre em contato atrav√©s de nossos canais, dispon√≠veis na Pol√≠tica de Privacidade de candidatos do Ita√∫ Unibanco (https://www.itau.com.br/privacidade/candidatos/). N√£o h√° necessidade de aceitar, trata-se apenas de uma ci√™ncia."
6,4149731885,Est√°gio em Sistemas da Informa√ß√£o,EPTV,H√≠brido,"Campinas, SP",H√° 1 m√™s,178 candidaturas,Assistente,Tempo integral,Atividades de r√°dio e de televis√£o,"Descri√ß√£o
O estagi√°rio(a) de Sistemas da Informa√ß√£o ser√° respons√°vel por prestar suporte aos usu√°rios do ERP Datasul, atuando diretamente na resolu√ß√£o de problemas e na abertura e acompanhamento de chamados com a empresa fornecedora do software. O profissional tamb√©m participar√° de treinamentos, reuni√µes de equipe.
Responsabilidades e atribui√ß√µes
Prestar suporte t√©cnico e funcional aos usu√°rios do ERP Datasul.
Auxiliar na resolu√ß√£o de problemas relacionados ao sistema, garantindo o bom funcionamento e a continuidade das opera√ß√µes.
Realizar a abertura e acompanhamento de chamados t√©cnicos junto √† empresa fornecedora do software, garantindo que as solicita√ß√µes sejam tratadas de maneira eficiente.
Participar de treinamentos cont√≠nuos para atualiza√ß√£o sobre novas funcionalidades e melhorias no sistema.
Colaborar com a equipe nas reuni√µes para discutir melhorias, ajustes e necessidades do sistema.
Atuar no suporte √†s √°reas Cont√°bil, Fiscal, Administrativa e Financeira, garantindo o alinhamento entre os processos e o ERP.
Requisitos e qualifica√ß√µes
Cursando gradua√ß√£o em Sistemas de Informa√ß√£o, Ci√™ncias da Computa√ß√£o ou √°reas relacionadas.
Conhecimento b√°sico em sistemas ERP (preferencialmente Datasul).
Habilidade em comunica√ß√£o para intera√ß√£o com usu√°rios e fornecedores.
Proatividade, organiza√ß√£o e vontade de aprender.
Leitura de manuais, documenta√ß√£o e materiais t√©cnicos para suporte ao usu√°rio e resolu√ß√£o de problemas
Entendimento do ciclo de vida e opera√ß√£o de sistemas computacionais.
No√ß√µes b√°sicas de bancos de dados relacionais e n√£o relacionais.
Conhecimentos b√°sicos de consultas e manipula√ß√£o de dados em SQL.
Habilidade em ferramentas como Word, Excel e PowerPoint."
7,4075025088,Fa√ßa sua Carreira de Engenharia de Processos no Ita√∫ üöÄüß°,Ita√∫ Unibanco,H√≠brido,"S√£o Paulo, SP",H√° 2 semanas,,Assistente,Tempo integral,Bancos,"Vem construir no Ita√∫_
Como maior banco privado da Am√©rica Latina, acompanhamos de perto o desenvolvimento de novas tecnologias e enxergamos o processo como uma evolu√ß√£o natural do nosso neg√≥cio, que
torna poss√≠vel termos um contato ainda mais pr√≥ximo com a experi√™ncia de nossos clientes
para continuarmos aprimorando suas jornadas.
Como √© a √°rea de Opera√ß√µes?
Ao longo de nossa hist√≥ria, desempenhamos um
papel fundamental na estrat√©gia do Ita√∫ Unibanco
. Dentro deste contexto, todos os produtos que oferecemos aos nossos clientes passam a ser produtos tecnol√≥gicos, independente da interface que ele escolha ‚Äì seja ela f√≠sica, digital ou mista. Vem construir solu√ß√µes digitais em uma das maiores institui√ß√µes financeiras da Am√©rica Latina!
Como √© a Carreira de Engenharia de Processos?
A Engenharia de processos no Ita√∫ exerce um papel fundamental na busca constante da melhor jornada para nossos clientes, vem pra repensar o fundamental (ir na causa raiz das coisas,) buscar a reestrutura√ß√£o radical dos processos que visam alcan√ßar mudan√ßas disruptivas em indicadores cr√≠ticos de desempenho, tais como qualidade, custos, riscos e agilidade. A pessoa engenheira de processos pode estar alocada em Squads, em comunidades ou nas √°reas do banco atuando sempre em projetos de transforma√ß√£o e melhoria cont√≠nua (Build e Run).
Como ser√° o seu dia a dia?
Garantir a aplicabilidade dos m√©todos para transforma√ß√£o das Jornadas fim a fim dos clientes.
Priorizar as a√ß√µes quantificando o impacto atrav√©s de uma Engenharia de Valor, garantindo assertividade nas escolhas que agregam.
Atuar no mapeamento de processos, resolu√ß√£o de problemas, constru√ß√£o e redesenho de jornadas, com foco no cliente, efici√™ncia, qualidade e gest√£o de riscos.
Desdobrar as dores dos clientes e conectar com elementos de processo.
Realizar o estudo e a constru√ß√£o dos requisitos para os desenvolvimentos de tecnologia dos problemas assegurando o reuso de solu√ß√µes.
Desenvolver solu√ß√µes em No/Low-Code para transforma√ß√£o dos processos. Garante o teste funcional e homologa√ß√£o de requisitos de processos nas solu√ß√µes desenvolvidas
Estrutura Gest√£o e Controle dos processos , aplicando ferramentas de qualidade , planejamento de demanda, interven√ß√µes operacionais, process mining , gest√£o da rotina , entre outras.
Modelo de trabalho: h√≠brido de 8x presenciais no m√™s
_Quais s√£o as habilidades e compet√™ncias necess√°rias?
Principais Habilidades T√©cnicas Com Experi√™ncia Pr√°tica
LEAN
Qualidade
PCP (Planejamento e Controle de Produ√ß√£o)
Gest√£o de Projetos/ M√©todos √Ågeis
An√°lise e explora√ß√£o de Dados
Process Mining
M√©todo de Solu√ß√£o de Problemas
Forma√ß√£o em Engenharia de Produ√ß√£o √© um diferencial
_O que esperamos de voc√™:
Habilidade em criticar de forma construtiva e provocativa;
Habilidade em negocia√ß√£o e constru√ß√£o de parcerias;
Capacidade anal√≠tica/ l√≥gica
Habilidade em conectar conhecimento t√©cnico com a estrat√©gia dos projetos.
Organiza√ß√£o, disciplina e pr√≥-atividade
Habilidade em trabalhar em equipe de forma colaborativa,
Capacidade de tomada de decis√µes com base em processos e dados, foco no cliente e resultados;
üß°
A Cultura Ituber
Para n√≥s, a transforma√ß√£o come√ßa quando olhamos para tr√°s: reconhecemos tudo o que constru√≠mos juntos at√© aqui e nos orgulhamos, afinal, s√£o quase 100 anos de hist√≥ria!
O nosso principal pilar √© a √©tica: pra gente, √©tica √© inegoci√°vel. Ou seja, nos comprometemos a fazer sempre o certo, sem jeitinhos, sem atalhos.
A partir desse pilar principal, temos os nossos outros direcionadores:
A gente trabalha para o cliente
A gente n√£o sabe tudo
A gente √© movido por resultado
A gente quer diversidade e inclus√£o
A gente #VaiDeTurma!
Ao se tornar um Ituber voc√™ tem_
Vale Transporte
Vale Refei√ß√£o (Restaurantes) / Vale Alimenta√ß√£o (Supermercados)
Conv√™nio m√©dico e odontol√≥gico
Seguro de Vida
PLR ‚Äì Participa√ß√£o nos Lucros e Resultados (Mediante resultados do banco)
Previd√™ncia privada
Descontos exclusivos em nossos produtos financeiros
Licen√ßa maternidade estendida & paternidade
Aux√≠lio Creche / Bab√° (para papais e mam√£es)
Incentivo a estudos
GymPass ou TotalPass
Acesso aos Clubes Ita√∫ (Guarapiranga / Itanha√©m e S√£o Sebasti√£o)
+ Algumas vantagens que voc√™ pode conhecer durante o processo
Estimulamos candidaturas de pessoas com defici√™ncia em todas as nossas posi√ß√µes, sendo assim, sinta-se √† vontade para se candidatar em vagas sinalizadas como exclusivas ou n√£o para pessoas com defici√™ncia. Somos comprometidos com a inclus√£o e valorizamos a diversidade.
#VemProIta√∫ #VemSerItuber"
8,4187888381,Estagi√°rio de An√°lise de Dados,Neon Comercial Reagentes Anal√≠ticos,H√≠brido,S√£o Paulo e Regi√£o,H√° 1 semana,,Est√°gio,Est√°gio,Fabrica√ß√£o de produtos qu√≠micos,"A NEON, ciente de sua responsabilidade social e ambiental, baseada nos valores de
Inova√ß√£o, Exc√™lencia, √âtica, Fam√≠lia e Bem-estar
, se preocupa com a qualidade de vida no trabalho de seus colaboradores e por isso foi reconhecida como um bom lugar para se trabalhar, com a certifica√ß√£o da GPTW. Para construir uma gest√£o de pessoas inclusivas e plural, temos uma Pol√≠tica de Diversidade e Inclus√£o, garantindo que s√£o bem-vindas candidaturas de todas as pessoas, com as mais diversas identidades.
Nossa miss√£o √© buscar surpreender e transformar o mercado brasileiro de qu√≠mica fina, por meio de projetos inovadores e sustent√°veis, baseando-se em uma cultura focada em pessoas.
Para isso, precisamos de um
Estagi√°rio(a) em An√°lise de Dados
, para colaborar no setor de Compras, onde ter√° as seguintes atividades:
Desenvolvimento, manuten√ß√£o e melhoria de dashboards;
Elabora√ß√£o de planilhas e interpreta√ß√£o dos resultados;
Elabora√ß√£o de relat√≥rios de an√°lise;
Desenvolver m√©tricas e indicadores de neg√≥cio para diferentes departamentos
da empresa;
Criar solu√ß√µes para as necessidades de neg√≥cio.
Hor√°rio: Segunda a Sexta das 09:00 √†s 16:00, com 01:00 hora de almo√ßo.
(Home office com encontros presenciais de 15 em 15 dias em um Coworking no Bairro Aclima√ß√£o)
Requisitos
Cursando An√°lise de Dados, Ci√™ncia da Computa√ß√£o, Estat√≠stica ou Analise e Desenvolvimento de Sistemas.
Ter perfil anal√≠tico
Conhecimento em l√≥gica de programa√ß√£o e banco de dados.
Conhecimento em cria√ß√£o de tabelas, planilhas e gr√°ficos."
9,4187544975,Analista de Dados e BI J√∫nior I Modelo Hibrido,Fast Shop S/A,H√≠brido,"S√£o Paulo, SP",H√° 1 semana,,N√£o aplic√°vel,Tempo integral,Com√©rcio varejista,"Somos uma empresa brasileira de varejo reconhecida pelo nosso compromisso com a excel√™ncia no atendimento e um ambiente de trabalho din√¢mico e acolhedor. Valorizamos o desenvolvimento pessoal e profissional dos nossos colaboradores, incentivando o crescimento dentro da organiza√ß√£o.
A Fast Shop est√° expandindo e queremos contar com voc√™ na nossa equipe.
Estamos em busca de um(a)
Analista de Dados e BI
com foco nos
Processos de Vendas.
O que oferecemos?
Uma equipe apaixonada e dedicada.
Um ambiente que fomenta aprendizado e crescimento cont√≠nuos.
Oportunidades reais de progresso na carreira.
Cultura organizacional baseada na coopera√ß√£o e respeito m√∫tuo.
Na
Fast Shop
todas as pessoas s√£o bem-vindasüòä,
sem distin√ß√£o de g√™nero, orienta√ß√£o sexual, etnia, cultura, religi√£o, defici√™ncia, etc
. O importante √© voc√™ gostar de desafios, trabalhar bem em equipe, vivenciar nossa cultura e nossa miss√£o.
#VEMSERFAST e descubra como encantar o cliente e o planeta por toda a vida!
üöÄ
Responsabilidades e atribui√ß√µes
Responsabilidades
Garantir a execu√ß√£o eficiente dos eventos e lan√ßamentos nas lojas, unificando a vis√£o de m√∫ltiplas √°reas e assegurando que os gerentes recebam um plano estruturado. Contribuir para a an√°lise e otimiza√ß√£o do mix de produtos para mostru√°rio, al√©m de organizar a agenda de ICV com apresenta√ß√µes claras e alinhadas aos objetivos do neg√≥cio. Al√©m de dar suporte a demais temas de responsabilidade da Coordenadora de Processo de Vendas.
Atribui√ß√µes
Coordenar a execu√ß√£o dos eventos, lan√ßamentos, a√ß√µes, garantindo que todas as √°reas envolvidas (marketing, categorias, servi√ßos) estejam alinhadas.
Acompanhar e garantir a presen√ßa do mix de produtos adequado nos mostru√°rios das lojas, alinhado √†s estrat√©gias comerciais e perfil dos clientes.
Assegurar que a agenda de apresenta√ß√µes de ICV ocorra de maneira estruturada e produtiva.
Requisitos e qualifica√ß√µes
Forma√ß√£o
Engenharia, Administra√ß√£o de Empresas, Economia, Marketing ou √°reas afins.
Qualifica√ß√µes
M√©todo PDCA
M√©todo Falconi
Pacote Office (Excel, PowerPoint e Word)
Power BI
Informa√ß√µes adicionais
Remunera√ß√£o:
Oferecemos um sal√°rio competitivo, alinhado com o mercado.
Hor√°rio de Trabalho:
Trabalhe de segunda a sexta das 08h30 √†s 18h48 com 1h30 de intervalo.
Assist√™ncia M√©dica e Odontol√≥gica:
Cuide da sua sa√∫de com tranquilidade.
Conv√™nio com Farm√°cia:
Descontos exclusivos em medicamentos.
Seguro de Vida:
Prote√ß√£o para voc√™ e sua fam√≠lia.
Aux√≠lio Refei√ß√£o e Vale Transporte:
Benef√≠cios essenciais para o seu dia-a-dia.
Gympass:
Acesso a diversas atividades f√≠sicas para manter-se saud√°vel.
Empr√©stimo Consignado:
Facilidades financeiras quando voc√™ precisar.
Assist√™ncia Funer√°ria:
Apoio em momentos dif√≠ceis.
Programa QualiFast:
Nosso compromisso com a sua sa√∫de e bem-estar inclui Apoio Nutricional, Apoio Psicol√≥gico, Apoio Social e um Programa Primeiros Passos especialmente pensado para gestantes.
Universidade Corporativa SaberFast:
Acesso virtual a capacita√ß√µes e treinamentos especializados.
Descontos e Parcerias com Institui√ß√µes de Ensino:
Apoiando constantemente o seu crescimento acad√™mico e profissional."
